Datetime,BC1,BC2,BC3,BC4,BC5,BC6,BC7,BB(%),BCbb,BCff
31.03.2022 12:02,793,833,806,683,786,720,794,4.9,38.514,747.486
31.03.2022 12:03,731,779,720,636,718,710,711,9.4,67.492,650.5079999999999
31.03.2022 12:04,808,813,797,683,748,780,766,6.2,46.376,701.6239999999999
31.03.2022 12:05,866,887,824,683,784,758,711,24.3,190.512,593.488
31.03.2022 12:06,829,872,869,719,805,788,814,7.0,56.35000000000001,748.6500000000001
31.03.2022 12:07,859,903,876,783,858,846,816,10.5,90.09,767.91
31.03.2022 12:08,910,926,896,757,844,845,922,0.5,4.22,839.78
31.03.2022 12:09,903,978,914,766,865,854,828,17.8,153.97,711.0300000000001
31.03.2022 12:10,925,976,950,813,888,870,887,9.9,87.912,800.088
31.03.2022 12:11,971,974,937,773,916,898,929,4.9,44.884,871.116
31.03.2022 12:12,872,923,887,778,828,818,803,14.7,121.716,706.284
31.03.2022 12:13,1013,1061,1061,919,1016,1046,1045,1.6,16.256,999.7440000000001
31.03.2022 12:14,1071,1168,1094,914,1036,996,1002,16.3,168.868,867.1320000000001
31.03.2022 12:15,1040,1060,1049,888,1030,989,1024,3.5,36.05,993.9499999999999
31.03.2022 12:16,983,1044,1008,882,977,960,936,11.3,110.401,866.599
31.03.2022 12:17,968,1003,998,858,945,934,931,7.7,72.765,872.2349999999999
31.03.2022 12:18,1006,1066,990,843,953,973,990,7.6,72.428,880.572
31.03.2022 12:19,1082,1102,1081,929,1015,975,978,12.4,125.86,889.1399999999999
31.03.2022 12:20,1039,1104,1049,871,1024,971,1005,9.6,98.304,925.696
31.03.2022 12:21,1119,1177,1121,976,1081,1078,1049,12.0,129.72,951.28
31.03.2022 12:22,1070,1108,1081,906,1030,1022,1050,5.4,55.62,974.38
31.03.2022 12:23,1091,1152,1091,943,1027,1028,991,16.0,164.32,862.68
31.03.2022 12:24,1037,1090,1080,907,1015,1004,1064,2.4,24.36,990.64
31.03.2022 12:25,1126,1172,1140,962,1068,1044,1026,14.0,149.52,918.48
31.03.2022 12:26,1199,1247,1170,1007,1137,1123,1119,11.3,128.481,1008.519
31.03.2022 12:27,1249,1331,1275,1093,1211,1200,1194,11.3,136.843,1074.157
31.03.2022 12:28,1379,1373,1351,1142,1249,1217,1266,8.3,103.667,1145.333
31.03.2022 12:29,1295,1354,1296,1092,1262,1232,1244,8.7,109.794,1152.206
31.03.2022 12:30,1333,1348,1297,1110,1244,1189,1158,16.1,200.284,1043.716
31.03.2022 12:31,1313,1373,1323,1085,1223,1258,1226,11.8,144.314,1078.686
31.03.2022 12:32,1399,1403,1357,1124,1271,1214,1291,8.6,109.306,1161.694
31.03.2022 12:33,1514,1573,1488,1284,1432,1410,1406,11.7,167.544,1264.456
31.03.2022 12:34,1660,1696,1614,1371,1476,1456,1480,14.3,211.068,1264.932
31.03.2022 12:35,1790,1820,1731,1442,1639,1612,1544,17.6,288.4640000000001,1350.536
31.03.2022 12:36,1724,1774,1681,1430,1594,1536,1624,9.1,145.054,1448.946
31.03.2022 12:37,1689,1732,1672,1392,1580,1582,1564,10.5,165.9,1414.1
31.03.2022 12:38,1660,1663,1594,1349,1504,1453,1479,12.2,183.488,1320.512
31.03.2022 12:39,1677,1720,1659,1395,1604,1546,1546,11.1,178.044,1425.956
31.03.2022 12:40,1618,1660,1615,1356,1482,1508,1507,10.0,148.2,1333.8
31.03.2022 12:41,1619,1647,1545,1324,1471,1407,1395,17.7,260.367,1210.633
31.03.2022 12:42,1561,1582,1549,1302,1444,1411,1442,9.6,138.624,1305.376
31.03.2022 12:43,1500,1570,1488,1242,1410,1414,1417,10.6,149.46,1260.54
31.03.2022 12:44,1559,1593,1502,1305,1431,1386,1401,13.5,193.185,1237.815
31.03.2022 12:45,1564,1609,1535,1288,1453,1350,1318,21.7,315.301,1137.699
31.03.2022 12:46,1479,1528,1479,1259,1403,1408,1452,5.2,72.956,1330.044
31.03.2022 12:47,1636,1629,1557,1281,1466,1404,1371,18.4,269.744,1196.256
31.03.2022 12:48,1410,1480,1432,1231,1369,1372,1403,5.4,73.926,1295.074
31.03.2022 12:49,1480,1546,1475,1196,1329,1310,1336,15.4,204.666,1124.334
31.03.2022 12:50,1384,1390,1313,1141,1273,1272,1247,11.3,143.849,1129.151
31.03.2022 12:51,1356,1383,1339,1114,1247,1207,1237,11.6,144.652,1102.348
31.03.2022 12:52,1291,1329,1293,1115,1249,1202,1205,10.1,126.149,1122.851
31.03.2022 12:53,1390,1408,1313,1132,1246,1246,1259,11.6,144.536,1101.464
31.03.2022 12:54,1401,1437,1411,1166,1301,1304,1326,8.2,106.682,1194.318
31.03.2022 12:55,1473,1483,1410,1217,1358,1336,1267,16.7,226.786,1131.214
31.03.2022 12:56,1433,1481,1431,1198,1352,1289,1353,9.3,125.736,1226.264
31.03.2022 12:57,1438,1478,1405,1161,1317,1287,1300,13.4,176.478,1140.522
31.03.2022 12:58,1574,1529,1434,1224,1342,1303,1265,20.5,275.11,1066.89
31.03.2022 12:59,1412,1434,1405,1159,1314,1273,1276,12.2,160.308,1153.692
31.03.2022 13:00,1535,1493,1413,1196,1344,1289,1349,10.5,141.12,1202.88
31.03.2022 13:01,1456,1468,1402,1167,1314,1284,1237,18.4,241.776,1072.224
31.03.2022 13:02,1531,1594,1533,1274,1436,1422,1444,10.2,146.472,1289.528
31.03.2022 13:03,1485,1455,1380,1202,1325,1271,1265,14.7,194.775,1130.225
31.03.2022 13:04,1403,1464,1390,1152,1295,1278,1288,13.4,173.53,1121.47
31.03.2022 13:05,1424,1452,1394,1179,1309,1255,1205,20.1,263.109,1045.891
31.03.2022 13:06,1434,1472,1387,1138,1286,1251,1270,15.7,201.902,1084.098
31.03.2022 13:07,1427,1409,1368,1165,1295,1267,1312,7.3,94.535,1200.465
31.03.2022 13:08,1365,1369,1324,1115,1239,1169,1174,16.4,203.196,1035.804
31.03.2022 13:09,1412,1451,1332,1087,1242,1203,1195,21.1,262.062,979.938
31.03.2022 13:10,1316,1311,1275,1117,1218,1198,1187,10.2,124.236,1093.764
31.03.2022 13:11,1432,1433,1342,1108,1264,1195,1204,18.7,236.368,1027.632
31.03.2022 13:12,1403,1449,1380,1152,1274,1245,1253,15.4,196.196,1077.804
31.03.2022 13:13,1390,1425,1365,1147,1308,1308,1314,8.3,108.564,1199.436
31.03.2022 13:14,1309,1343,1260,1046,1179,1146,1147,16.8,198.072,980.9280000000001
31.03.2022 13:15,1314,1344,1282,1109,1203,1160,1160,15.6,187.668,1015.332
31.03.2022 13:16,1313,1329,1266,1052,1213,1213,1184,12.1,146.773,1066.227
31.03.2022 13:17,1414,1410,1363,1179,1268,1238,1249,12.7,161.036,1106.964
31.03.2022 13:18,1447,1454,1384,1146,1300,1216,1232,17.7,230.1,1069.9
31.03.2022 13:19,1499,1484,1449,1211,1373,1325,1289,14.9,204.577,1168.423
31.03.2022 13:20,1356,1401,1314,1107,1232,1239,1264,10.7,131.824,1100.176
31.03.2022 13:21,1337,1373,1293,1133,1234,1211,1213,12.9,159.186,1074.814
31.03.2022 13:22,1395,1396,1349,1120,1271,1224,1258,10.9,138.539,1132.461
31.03.2022 13:23,1395,1445,1358,1139,1283,1200,1194,20.6,264.298,1018.702
31.03.2022 13:24,1331,1354,1312,1076,1225,1210,1214,11.3,138.425,1086.575
31.03.2022 13:25,1294,1342,1264,1109,1207,1228,1206,11.1,133.977,1073.023
31.03.2022 13:26,1368,1396,1358,1126,1315,1207,1263,10.4,136.76,1178.24
31.03.2022 13:27,1266,1326,1249,1077,1163,1164,1171,12.9,150.027,1012.973
31.03.2022 13:28,1315,1339,1316,1058,1201,1169,1162,15.0,180.15,1020.85
31.03.2022 13:29,1285,1301,1233,1065,1168,1152,1180,10.2,119.136,1048.864
31.03.2022 13:30,1328,1362,1300,1102,1224,1173,1171,16.1,197.064,1026.936
31.03.2022 13:31,1252,1288,1205,1047,1180,1152,1155,11.4,134.52,1045.48
31.03.2022 13:32,1256,1293,1282,1019,1155,1137,1125,14.7,169.785,985.215
31.03.2022 13:33,1072,1125,1084,922,1035,1074,1048,7.3,75.55499999999999,959.445
31.03.2022 13:34,1106,1134,1075,936,1029,956,989,14.4,148.176,880.824
31.03.2022 13:35,1150,1172,1121,924,1065,1013,997,17.2,183.18,881.8199999999999
31.03.2022 13:36,1134,1213,1146,983,1078,1055,1101,10.0,107.8,970.2
31.03.2022 13:37,1113,1141,1128,957,1074,1066,1048,8.7,93.43799999999999,980.5619999999999
31.03.2022 13:38,1205,1215,1164,947,1095,998,1008,20.1,220.095,874.9050000000001
31.03.2022 13:39,1126,1186,1109,953,1044,1038,1071,10.6,110.664,933.336
31.03.2022 13:40,1153,1178,1157,991,1097,1079,1034,13.7,150.289,946.711
31.03.2022 13:41,1140,1169,1111,962,1046,1008,1045,11.7,122.382,923.618
31.03.2022 13:42,1050,1126,1080,899,1003,989,974,15.3,153.459,849.5409999999999
31.03.2022 13:43,1097,1107,1094,929,1039,972,989,11.7,121.563,917.437
31.03.2022 13:44,1068,1153,1050,872,1026,973,942,22.0,225.72,800.28
31.03.2022 13:45,1102,1080,1036,894,1000,952,986,9.4,94.0,905.9999999999999
31.03.2022 13:46,1075,1134,1108,921,991,1000,950,18.9,187.299,803.7009999999999
31.03.2022 13:47,1162,1154,1130,920,1060,973,1053,9.5,100.7,959.3000000000001
31.03.2022 13:48,1105,1199,1093,946,1035,1032,949,25.8,267.03,767.97
31.03.2022 13:49,1071,1136,1101,907,1015,990,999,13.4,136.01,878.99
31.03.2022 13:50,1156,1156,1095,952,1071,1006,1009,14.3,153.153,917.847
31.03.2022 13:51,951,1037,1043,851,956,919,991,4.6,43.976,912.0240000000001
31.03.2022 13:52,1080,1038,982,866,971,974,940,10.3,100.013,870.987
31.03.2022 13:53,1079,1146,1097,921,1038,941,930,22.8,236.664,801.336
31.03.2022 13:54,1030,1060,1012,853,938,939,939,12.7,119.126,818.874
31.03.2022 13:55,885,950,904,756,857,868,891,6.6,56.562,800.438
31.03.2022 13:56,1026,1067,1043,930,1033,1051,1108,0.0,0.0,1033.0
31.03.2022 13:57,932,973,945,775,881,852,814,19.2,169.152,711.848
31.03.2022 13:58,1008,1001,942,809,901,814,843,18.4,165.784,735.216
31.03.2022 13:59,981,1064,1037,843,931,931,939,13.1,121.961,809.0390000000001
31.03.2022 14:00,1028,1027,1027,876,969,948,979,4.9,47.481,921.519
31.03.2022 14:01,1018,1100,1021,894,996,967,980,12.1,120.516,875.484
31.03.2022 14:02,935,987,893,783,875,876,822,19.7,172.375,702.625
31.03.2022 14:03,833,836,850,701,813,821,884,0.0,0.0,813.0
31.03.2022 14:04,904,956,930,759,836,782,793,20.2,168.872,667.1279999999999
31.03.2022 14:05,918,929,886,792,892,830,829,11.8,105.256,786.744
31.03.2022 14:06,937,969,940,756,821,848,816,18.5,151.885,669.115
31.03.2022 14:07,819,912,858,733,838,780,826,10.3,86.31400000000001,751.686
31.03.2022 14:08,900,937,896,747,851,853,820,14.0,119.14,731.86
31.03.2022 14:09,988,990,934,825,872,852,865,14.2,123.824,748.1759999999999
31.03.2022 14:10,970,1039,993,820,948,892,915,13.3,126.084,821.9159999999999
31.03.2022 14:11,1079,1047,1041,867,964,913,898,16.3,157.132,806.868
31.03.2022 14:12,1037,1071,1008,860,975,957,955,12.0,117.0,858.0
31.03.2022 14:13,1033,1081,1042,857,956,916,944,14.3,136.708,819.292
31.03.2022 14:14,1050,1102,1061,875,983,935,970,13.5,132.705,850.295
31.03.2022 14:15,1069,1102,1030,871,986,934,913,20.4,201.144,784.8559999999999
31.03.2022 14:16,1017,1063,986,876,977,944,959,10.6,103.562,873.438
31.03.2022 14:17,1035,1094,1053,877,949,994,1012,8.0,75.92,873.08
31.03.2022 14:18,1101,1111,1071,904,1039,974,912,21.5,223.385,815.615
31.03.2022 14:19,1060,1133,1070,893,988,969,995,13.7,135.356,852.644
31.03.2022 14:20,968,990,961,839,883,898,960,3.1,27.373,855.6270000000001
31.03.2022 14:21,959,965,958,784,938,874,867,11.1,104.118,833.8820000000001
31.03.2022 14:22,1010,1058,982,826,928,907,884,19.4,180.032,747.968
31.03.2022 14:23,928,966,965,793,882,850,848,13.7,120.834,761.1659999999999
31.03.2022 14:24,966,990,904,780,891,829,825,19.6,174.636,716.364
31.03.2022 14:25,1031,1016,1004,795,905,832,872,16.3,147.515,757.485
31.03.2022 14:26,803,832,788,698,753,792,786,5.7,42.921,710.079
31.03.2022 14:27,898,930,865,734,814,778,792,17.1,139.194,674.806
31.03.2022 14:28,1007,974,961,777,878,844,763,27.1,237.938,640.0620000000001
31.03.2022 14:29,741,845,776,682,773,763,865,0.0,0.0,773.0
31.03.2022 14:30,954,950,909,758,804,777,755,25.4,204.216,599.784
31.03.2022 14:31,853,841,827,691,804,745,803,4.6,36.984,767.0160000000001
31.03.2022 14:32,830,879,806,711,792,845,755,16.1,127.512,664.488
31.03.2022 14:33,916,915,907,714,827,719,769,18.6,153.822,673.178
31.03.2022 14:34,909,904,841,745,784,841,818,10.4,81.536,702.4639999999999
31.03.2022 14:35,904,923,896,715,808,758,788,16.9,136.552,671.448
31.03.2022 14:36,890,905,876,732,834,853,815,10.8,90.07200000000002,743.928
31.03.2022 14:37,1068,1060,1014,867,999,898,995,6.4,63.936,935.064
31.03.2022 14:38,1034,1074,988,842,933,937,883,21.2,197.796,735.204
31.03.2022 14:39,1054,1055,1018,854,943,969,981,7.4,69.78200000000001,873.218
31.03.2022 14:40,1159,1183,1152,957,1042,1013,1026,15.0,156.3,885.6999999999999
31.03.2022 14:41,1107,1090,1015,874,989,932,947,14.9,147.361,841.639
31.03.2022 14:42,1127,1148,1126,937,1041,983,1000,14.6,151.986,889.0140000000001
31.03.2022 14:43,1252,1256,1182,991,1147,1083,1041,20.4,233.988,913.012
31.03.2022 14:44,1179,1215,1139,938,1046,1063,1052,15.2,158.992,887.0079999999999
31.03.2022 14:45,1117,1104,1090,921,1009,1001,1058,4.4,44.39600000000001,964.6039999999999
31.03.2022 14:46,1249,1274,1199,996,1129,1022,1056,20.2,228.058,900.9419999999999
31.03.2022 14:47,1227,1229,1164,954,1079,1092,1087,12.9,139.191,939.809
31.03.2022 14:48,1182,1186,1151,1006,1120,1082,1096,8.1,90.72,1029.28
31.03.2022 14:49,1223,1228,1170,1029,1116,1117,1083,13.2,147.312,968.688
31.03.2022 14:50,1207,1283,1227,970,1113,1106,1145,11.9,132.447,980.5529999999999
31.03.2022 14:51,1145,1131,1088,936,1045,985,1039,8.7,90.91499999999999,954.0849999999999
31.03.2022 14:52,815,904,872,732,812,898,825,9.4,76.328,735.6719999999999
31.03.2022 14:53,844,841,839,752,831,823,870,0.0,0.0,831.0
31.03.2022 14:54,754,808,723,583,693,642,692,16.4,113.652,579.348
31.03.2022 14:55,742,780,762,628,690,677,696,11.8,81.42,608.58
31.03.2022 14:56,863,804,804,673,709,695,677,18.4,130.456,578.544
31.03.2022 14:57,858,873,777,660,781,734,714,21.9,171.039,609.9609999999999
31.03.2022 14:58,758,793,766,653,708,700,730,8.5,60.18000000000001,647.82
31.03.2022 14:59,958,954,883,781,866,805,787,20.9,180.994,685.006
31.03.2022 15:00,931,968,940,732,821,817,806,19.8,162.558,658.442
31.03.2022 15:01,894,904,878,754,839,816,834,8.3,69.637,769.363
31.03.2022 15:02,971,966,905,775,891,817,822,17.2,153.252,737.7479999999999
31.03.2022 15:03,914,946,911,756,855,864,815,15.7,134.235,720.765
31.03.2022 15:04,1043,1041,1051,832,921,872,937,10.8,99.46800000000002,821.532
31.03.2022 15:05,1001,1048,935,817,893,890,877,19.1,170.563,722.437
31.03.2022 15:06,1098,1084,1042,848,988,893,890,21.4,211.432,776.5679999999999
31.03.2022 15:07,1047,1042,1011,878,951,955,931,11.7,111.267,839.7330000000001
31.03.2022 15:08,1102,1091,1064,869,995,933,969,12.3,122.385,872.615
31.03.2022 15:09,1089,1110,1025,875,925,943,998,11.0,101.75,823.25
31.03.2022 15:10,1159,1216,1168,984,1138,1109,1070,13.4,152.492,985.508
31.03.2022 15:11,1182,1154,1142,943,1021,987,939,22.5,229.725,791.275
31.03.2022 15:12,1328,1334,1238,1033,1172,1103,1063,25.0,293.0,879.0
31.03.2022 15:13,1578,1631,1597,1392,1574,1616,1673,0.0,0.0,1574.0
31.03.2022 15:14,1210,1246,1214,1003,1092,1048,1115,11.5,125.58,966.42
31.03.2022 15:15,1293,1276,1195,1004,1131,1150,1069,19.0,214.89,916.11
31.03.2022 15:16,1244,1271,1206,1005,1149,1078,1133,12.0,137.88,1011.12
31.03.2022 15:17,1307,1322,1284,1082,1179,1144,1136,16.0,188.64,990.36
31.03.2022 15:18,1298,1297,1237,1030,1193,1115,1190,8.8,104.984,1088.016
31.03.2022 15:19,1293,1374,1275,1103,1203,1207,1147,19.4,233.382,969.6179999999999
31.03.2022 15:20,1375,1378,1351,1112,1295,1285,1270,8.4,108.78,1186.22
31.03.2022 15:21,1397,1424,1389,1199,1285,1241,1287,10.5,134.925,1150.075
31.03.2022 15:22,1351,1450,1395,1155,1319,1283,1275,13.5,178.065,1140.935
31.03.2022 15:23,1320,1339,1271,1107,1231,1174,1252,6.8,83.70800000000001,1147.292
31.03.2022 15:24,1368,1409,1361,1120,1281,1264,1220,15.2,194.712,1086.288
31.03.2022 15:25,1390,1421,1400,1191,1303,1292,1311,8.3,108.149,1194.851
31.03.2022 15:26,1462,1504,1434,1197,1351,1302,1262,18.9,255.339,1095.661
31.03.2022 15:27,1460,1518,1433,1213,1354,1291,1302,16.3,220.702,1133.298
31.03.2022 15:28,1455,1476,1404,1222,1365,1324,1370,7.6,103.74,1261.26
31.03.2022 15:29,1544,1576,1525,1246,1377,1348,1356,16.0,220.32,1156.68
31.03.2022 15:30,1472,1477,1436,1215,1354,1325,1331,10.8,146.232,1207.768
31.03.2022 15:31,1459,1440,1382,1139,1334,1258,1252,14.8,197.432,1136.568
31.03.2022 15:32,1486,1507,1423,1200,1308,1288,1279,17.5,228.9,1079.1
31.03.2022 15:33,1458,1456,1386,1202,1339,1321,1352,7.6,101.764,1237.236
31.03.2022 15:34,1432,1468,1422,1165,1319,1305,1261,16.1,212.359,1106.641
31.03.2022 15:35,1496,1541,1444,1221,1333,1278,1294,18.7,249.271,1083.729
31.03.2022 15:36,1493,1522,1457,1209,1373,1356,1375,10.5,144.165,1228.835
31.03.2022 15:37,1583,1561,1519,1270,1424,1405,1384,12.6,179.424,1244.576
31.03.2022 15:38,1673,1699,1579,1365,1504,1404,1429,18.6,279.744,1224.256
31.03.2022 15:39,1605,1624,1591,1313,1450,1404,1387,16.8,243.6,1206.4
31.03.2022 15:40,1682,1701,1606,1328,1517,1475,1516,12.0,182.04,1334.96
31.03.2022 15:41,1700,1698,1645,1383,1563,1499,1473,15.0,234.45,1328.55
31.03.2022 15:42,1655,1702,1626,1335,1500,1481,1507,12.8,192.0,1308.0
31.03.2022 15:43,1731,1725,1650,1410,1558,1494,1521,13.1,204.098,1353.902
31.03.2022 15:44,1850,1845,1763,1429,1620,1516,1481,24.1,390.42,1229.58
31.03.2022 15:45,1782,1797,1696,1453,1622,1610,1610,11.5,186.53,1435.47
31.03.2022 15:46,1831,1887,1778,1455,1618,1614,1584,18.8,304.184,1313.816
31.03.2022 15:47,1947,1913,1847,1567,1753,1652,1684,13.4,234.902,1518.098
31.03.2022 15:48,1903,1926,1865,1558,1747,1694,1766,8.9,155.483,1591.517
31.03.2022 15:49,1981,2003,1887,1591,1731,1755,1712,16.7,289.0769999999999,1441.923
31.03.2022 15:50,1865,1910,1833,1512,1745,1652,1658,14.9,260.005,1484.995
31.03.2022 15:51,1999,2008,1874,1600,1758,1741,1758,14.0,246.12,1511.88
31.03.2022 15:52,2007,1990,1927,1585,1825,1779,1747,13.7,250.025,1574.975
31.03.2022 15:53,1987,2019,1934,1666,1798,1745,1755,14.8,266.104,1531.896
31.03.2022 15:54,1952,1938,1890,1522,1724,1669,1678,15.3,263.772,1460.228
31.03.2022 15:55,1851,1878,1758,1494,1668,1633,1702,10.2,170.136,1497.864
31.03.2022 15:56,1968,1972,1861,1558,1786,1654,1608,22.2,396.492,1389.508
31.03.2022 15:57,1852,1881,1822,1519,1648,1644,1650,13.7,225.776,1422.224
31.03.2022 15:58,1796,1816,1734,1439,1635,1624,1586,14.3,233.805,1401.195
31.03.2022 15:59,1850,1861,1817,1497,1650,1567,1649,12.6,207.9,1442.1
31.03.2022 16:00,1904,1892,1747,1486,1654,1630,1561,20.9,345.686,1308.314
31.03.2022 16:01,1792,1788,1745,1425,1616,1537,1553,14.9,240.784,1375.216
31.03.2022 16:02,1836,1886,1756,1480,1647,1571,1579,19.1,314.577,1332.423
31.03.2022 16:03,1751,1757,1655,1378,1582,1487,1555,12.8,202.496,1379.504
31.03.2022 16:04,1715,1702,1669,1370,1528,1508,1434,18.3,279.624,1248.376
31.03.2022 16:05,1683,1690,1613,1327,1507,1421,1493,13.0,195.91,1311.09
31.03.2022 16:06,1674,1649,1567,1331,1444,1460,1461,12.7,183.388,1260.612
31.03.2022 16:07,1758,1746,1646,1366,1559,1476,1451,20.0,311.8,1247.2
31.03.2022 16:08,1665,1680,1627,1363,1474,1462,1437,16.6,244.684,1229.316
31.03.2022 16:09,1664,1709,1566,1285,1478,1434,1457,17.0,251.26,1226.74
31.03.2022 16:10,1703,1638,1580,1337,1486,1398,1354,20.6,306.116,1179.884
31.03.2022 16:11,1676,1722,1654,1312,1477,1459,1478,16.2,239.274,1237.726
31.03.2022 16:12,1694,1660,1568,1355,1515,1385,1452,14.1,213.615,1301.385
31.03.2022 16:13,1700,1758,1664,1402,1558,1559,1496,17.3,269.534,1288.466
31.03.2022 16:14,1729,1706,1641,1358,1492,1429,1482,14.9,222.308,1269.692
31.03.2022 16:15,1751,1714,1632,1345,1544,1548,1444,18.4,284.096,1259.904
31.03.2022 16:16,1672,1701,1633,1372,1479,1420,1591,6.8,100.572,1378.428
31.03.2022 16:17,1731,1733,1684,1367,1568,1499,1402,23.2,363.776,1204.224
31.03.2022 16:18,1608,1664,1545,1328,1492,1460,1483,12.0,179.04,1312.96
31.03.2022 16:19,1713,1691,1619,1363,1503,1466,1477,14.2,213.426,1289.574
31.03.2022 16:20,1803,1756,1675,1378,1583,1479,1541,13.7,216.871,1366.129
31.03.2022 16:21,1826,1848,1777,1482,1638,1636,1540,19.6,321.048,1316.952
31.03.2022 16:22,1829,1858,1775,1473,1659,1614,1628,13.9,230.601,1428.399
31.03.2022 16:23,1889,1866,1777,1496,1646,1551,1611,15.6,256.776,1389.224
31.03.2022 16:24,1902,1900,1799,1466,1656,1614,1591,19.1,316.296,1339.704
31.03.2022 16:25,1878,1864,1732,1513,1672,1661,1644,13.2,220.704,1451.296
31.03.2022 16:26,1964,1897,1874,1496,1695,1651,1636,15.7,266.115,1428.885
31.03.2022 16:27,2113,2070,1918,1598,1823,1721,1748,18.1,329.963,1493.037
31.03.2022 16:28,1877,1897,1830,1511,1695,1677,1714,10.5,177.975,1517.025
31.03.2022 16:29,2061,2054,1892,1608,1768,1681,1694,20.9,369.512,1398.488
31.03.2022 16:30,1955,1962,1883,1547,1730,1702,1715,14.1,243.93,1486.07
31.03.2022 16:31,2036,2027,1934,1619,1805,1731,1707,18.4,332.12,1472.88
31.03.2022 16:32,2017,1951,1902,1580,1750,1693,1683,15.7,274.75,1475.25
31.03.2022 16:33,1802,1853,1772,1451,1629,1602,1615,14.5,236.205,1392.795
31.03.2022 16:34,1893,1902,1805,1488,1633,1567,1594,19.0,310.27,1322.73
31.03.2022 16:35,1930,1902,1854,1526,1773,1660,1649,15.1,267.723,1505.277
31.03.2022 16:36,1947,1945,1779,1515,1686,1670,1642,18.1,305.1660000000001,1380.834
31.03.2022 16:37,1859,1902,1819,1515,1661,1642,1623,16.9,280.7089999999999,1380.291
31.03.2022 16:38,1963,1934,1855,1538,1760,1624,1676,15.1,265.76,1494.24
31.03.2022 16:39,1810,1873,1787,1489,1656,1635,1614,15.7,259.992,1396.008
31.03.2022 16:40,2016,2004,1911,1571,1763,1701,1692,18.1,319.1030000000001,1443.897
31.03.2022 16:41,1877,1952,1868,1544,1689,1632,1692,15.1,255.039,1433.961
31.03.2022 16:42,2011,1990,1848,1587,1797,1704,1683,17.9,321.663,1475.337
31.03.2022 16:43,2056,2033,1965,1591,1787,1755,1723,17.7,316.299,1470.701
31.03.2022 16:44,1847,1890,1786,1514,1700,1588,1639,15.1,256.7,1443.3
31.03.2022 16:45,1832,1839,1798,1465,1643,1661,1628,12.7,208.661,1434.339
31.03.2022 16:46,1866,1868,1753,1487,1669,1563,1602,16.3,272.047,1396.953
31.03.2022 16:47,1896,1880,1759,1481,1617,1568,1563,19.9,321.783,1295.217
31.03.2022 16:48,1873,1855,1784,1450,1663,1614,1614,14.6,242.798,1420.202
31.03.2022 16:49,1962,1926,1852,1535,1697,1599,1606,19.6,332.612,1364.388
31.03.2022 16:50,1852,1950,1803,1494,1672,1688,1652,17.7,295.944,1376.056
31.03.2022 16:51,1898,1874,1831,1486,1677,1561,1610,16.1,269.997,1407.003
31.03.2022 16:52,1881,1903,1783,1507,1675,1660,1657,14.6,244.55,1430.45
31.03.2022 16:53,1990,1957,1873,1545,1706,1696,1608,21.3,363.378,1342.622
31.03.2022 16:54,1979,1946,1861,1530,1732,1589,1699,14.3,247.676,1484.324
31.03.2022 16:55,1993,1997,1863,1572,1730,1712,1677,18.7,323.51,1406.49
31.03.2022 16:56,1951,1934,1858,1518,1720,1614,1625,18.7,321.64,1398.36
31.03.2022 16:57,1937,1926,1817,1507,1671,1646,1663,15.6,260.676,1410.324
31.03.2022 16:58,1940,1920,1844,1487,1675,1628,1634,17.2,288.1,1386.9
31.03.2022 16:59,1823,1817,1702,1416,1632,1559,1520,19.2,313.344,1318.656
31.03.2022 17:00,1809,1740,1652,1376,1502,1486,1458,19.0,285.38,1216.62
31.03.2022 17:01,1878,1935,1788,1482,1656,1572,1618,19.2,317.952,1338.048
31.03.2022 17:02,1814,1782,1719,1394,1546,1479,1473,20.6,318.476,1227.524
31.03.2022 17:03,1700,1652,1578,1286,1468,1424,1427,15.5,227.54,1240.46
31.03.2022 17:04,1743,1721,1608,1339,1458,1386,1461,17.5,255.15,1202.85
31.03.2022 17:05,1683,1671,1568,1296,1473,1420,1374,21.2,312.276,1160.724
31.03.2022 17:06,1675,1649,1553,1281,1400,1382,1355,21.3,298.2,1101.8
31.03.2022 17:07,1644,1646,1481,1208,1377,1304,1329,23.4,322.218,1054.782
31.03.2022 17:08,1667,1560,1563,1278,1432,1387,1356,14.8,211.936,1220.064
31.03.2022 17:09,1741,1698,1576,1301,1453,1383,1374,23.1,335.643,1117.357
31.03.2022 17:10,1742,1739,1630,1319,1458,1398,1492,16.2,236.196,1221.804
31.03.2022 17:11,1781,1728,1647,1349,1491,1473,1370,25.6,381.696,1109.304
31.03.2022 17:12,1707,1720,1597,1303,1485,1419,1415,21.2,314.82,1170.18
31.03.2022 17:13,1788,1670,1594,1280,1484,1415,1446,15.2,225.568,1258.432
31.03.2022 17:14,1662,1668,1567,1292,1430,1358,1355,22.7,324.61,1105.39
31.03.2022 17:15,1677,1677,1544,1273,1420,1373,1367,22.3,316.66,1103.34
31.03.2022 17:16,1727,1660,1575,1314,1447,1378,1439,15.1,218.497,1228.503
31.03.2022 17:17,1787,1781,1675,1366,1517,1462,1386,27.9,423.2429999999999,1093.757
31.03.2022 17:18,1689,1614,1516,1270,1404,1333,1363,18.0,252.72,1151.28
31.03.2022 17:19,1755,1715,1648,1275,1482,1434,1391,22.9,339.378,1142.622
31.03.2022 17:20,1783,1739,1644,1345,1489,1384,1465,18.4,273.976,1215.024
31.03.2022 17:21,1842,1803,1685,1405,1552,1490,1451,23.8,369.376,1182.624
31.03.2022 17:22,1777,1711,1600,1313,1481,1461,1447,17.9,265.099,1215.901
31.03.2022 17:23,1828,1825,1702,1388,1548,1454,1489,22.2,343.656,1204.344
31.03.2022 17:24,1834,1767,1706,1358,1520,1507,1449,21.6,328.3200000000001,1191.68
31.03.2022 17:25,1844,1835,1650,1413,1595,1499,1540,18.8,299.86,1295.14
31.03.2022 17:26,1860,1794,1734,1386,1541,1464,1500,19.3,297.413,1243.587
31.03.2022 17:27,2039,1917,1827,1476,1654,1598,1530,24.8,410.192,1243.808
31.03.2022 17:28,1858,1841,1704,1412,1591,1522,1570,17.0,270.47,1320.53
31.03.2022 17:29,1939,1879,1794,1455,1604,1528,1537,21.9,351.276,1252.724
31.03.2022 17:30,1993,1889,1735,1414,1615,1572,1535,22.7,366.605,1248.395
31.03.2022 17:31,1945,1904,1823,1492,1614,1570,1548,22.6,364.764,1249.236
31.03.2022 17:32,1992,1954,1768,1480,1666,1592,1627,19.8,329.868,1336.132
31.03.2022 17:33,2109,2020,1914,1525,1747,1637,1660,21.3,372.111,1374.889
31.03.2022 17:34,2085,2011,1891,1580,1740,1698,1636,22.6,393.24,1346.76
31.03.2022 17:35,2109,2036,1978,1583,1752,1676,1721,17.9,313.608,1438.392
31.03.2022 17:36,2141,2082,1911,1542,1791,1718,1711,21.3,381.483,1409.517
31.03.2022 17:37,2158,2112,1960,1648,1751,1686,1683,25.0,437.75,1313.25
31.03.2022 17:38,2202,2127,2026,1600,1805,1725,1770,19.8,357.39,1447.61
31.03.2022 17:39,2249,2145,1999,1664,1872,1805,1743,22.6,423.072,1448.928
31.03.2022 17:40,2213,2116,2012,1605,1810,1737,1790,17.9,323.99,1486.01
31.03.2022 17:41,2202,2130,1994,1623,1837,1740,1693,25.3,464.761,1372.239
31.03.2022 17:42,2189,2157,2016,1600,1801,1716,1757,22.3,401.623,1399.377
31.03.2022 17:43,2111,2015,1889,1597,1768,1700,1719,16.9,298.792,1469.208
31.03.2022 17:44,2055,2021,1921,1525,1734,1650,1655,21.7,376.278,1357.722
31.03.2022 17:45,2214,2104,1981,1632,1838,1744,1695,23.7,435.606,1402.394
31.03.2022 17:46,2125,2086,1906,1597,1752,1712,1736,19.8,346.896,1405.104
31.03.2022 17:47,1897,1945,1809,1450,1608,1574,1544,25.5,410.04,1197.96
31.03.2022 17:48,2025,1868,1812,1493,1696,1556,1594,16.9,286.624,1409.376
31.03.2022 17:49,2012,1988,1862,1520,1659,1601,1604,23.4,388.206,1270.794
31.03.2022 17:50,2097,1980,1857,1499,1709,1664,1643,20.2,345.218,1363.782
31.03.2022 17:51,2065,2027,1859,1564,1728,1629,1653,22.2,383.616,1344.384
31.03.2022 17:52,2167,2096,1980,1613,1799,1765,1694,23.3,419.167,1379.833
31.03.2022 17:53,2119,2057,1914,1532,1719,1710,1690,21.4,367.866,1351.134
31.03.2022 17:54,2101,2014,1906,1577,1772,1625,1730,16.2,287.064,1484.936
31.03.2022 17:55,2184,2083,1993,1593,1750,1701,1657,25.3,442.75,1307.25
31.03.2022 17:56,2073,1986,1885,1542,1772,1685,1662,19.1,338.452,1433.548
31.03.2022 17:57,2231,2197,1996,1621,1814,1749,1771,23.6,428.104,1385.896
31.03.2022 17:58,2240,2090,2016,1632,1847,1701,1720,21.2,391.564,1455.436
31.03.2022 17:59,2158,2124,1955,1602,1762,1731,1751,20.9,368.258,1393.742
31.03.2022 18:00,2185,2128,1979,1633,1850,1793,1760,20.6,381.1,1468.9
31.03.2022 18:01,2228,2122,1982,1627,1813,1771,1730,22.3,404.299,1408.701
31.03.2022 18:02,2238,2151,2037,1633,1858,1759,1815,18.2,338.156,1519.844
31.03.2022 18:03,2027,1919,1786,1503,1636,1594,1576,21.3,348.468,1287.532
31.03.2022 18:04,2034,1950,1897,1545,1734,1618,1729,12.6,218.484,1515.516
31.03.2022 18:05,2127,2072,1907,1537,1738,1704,1584,30.2,524.876,1213.124
31.03.2022 18:06,2049,2052,1904,1577,1733,1643,1725,18.7,324.071,1408.929
31.03.2022 18:07,2039,1979,1922,1555,1723,1646,1646,19.9,342.877,1380.123
31.03.2022 18:08,2054,1997,1868,1505,1740,1649,1629,22.2,386.28,1353.72
31.03.2022 18:09,2200,2113,1999,1667,1834,1777,1747,20.6,377.804,1456.196
31.03.2022 18:10,2136,2069,1975,1556,1773,1709,1691,22.0,390.06,1382.94
31.03.2022 18:11,2038,2023,1889,1618,1751,1711,1742,15.9,278.409,1472.591
31.03.2022 18:12,2005,1989,1849,1514,1734,1629,1658,19.6,339.864,1394.136
31.03.2022 18:13,2093,2023,1922,1574,1732,1687,1649,22.2,384.504,1347.496
31.03.2022 18:14,1865,1877,1765,1446,1654,1580,1608,16.4,271.256,1382.744
31.03.2022 18:15,1902,1876,1794,1478,1625,1584,1534,21.9,355.8749999999999,1269.125
31.03.2022 18:16,1961,1883,1779,1496,1665,1571,1630,15.3,254.745,1410.255
31.03.2022 18:17,1934,1939,1842,1478,1670,1616,1598,21.0,350.7,1319.3
31.03.2022 18:18,1962,1932,1808,1477,1645,1607,1574,22.3,366.835,1278.165
31.03.2022 18:19,2024,1925,1830,1504,1706,1630,1586,21.0,358.26,1347.74
31.03.2022 18:20,1917,1905,1825,1474,1655,1572,1608,18.1,299.5550000000001,1355.445
31.03.2022 18:21,2030,2017,1837,1586,1705,1629,1666,20.7,352.935,1352.065
31.03.2022 18:22,1943,1905,1852,1500,1684,1648,1612,17.8,299.752,1384.248
31.03.2022 18:23,1987,1950,1839,1503,1713,1652,1569,23.8,407.694,1305.306
31.03.2022 18:24,2012,1939,1876,1535,1703,1599,1666,16.1,274.183,1428.817
31.03.2022 18:25,1965,1978,1800,1484,1706,1617,1594,23.7,404.322,1301.678
31.03.2022 18:26,1984,1876,1782,1515,1649,1598,1620,15.6,257.244,1391.756
31.03.2022 18:27,1918,1923,1844,1468,1646,1622,1622,18.2,299.572,1346.428
31.03.2022 18:28,1909,1863,1789,1489,1657,1547,1613,15.3,253.521,1403.479
31.03.2022 18:29,1999,1986,1836,1479,1670,1614,1555,27.2,454.24,1215.76
31.03.2022 18:30,1977,1910,1853,1504,1711,1620,1621,17.5,299.425,1411.575
31.03.2022 18:31,2141,2086,1926,1590,1812,1723,1726,20.5,371.46,1440.54
31.03.2022 18:32,1982,1947,1875,1548,1679,1646,1602,21.1,354.2690000000001,1324.731
31.03.2022 18:33,2169,2066,1956,1598,1783,1667,1740,18.4,328.072,1454.928
31.03.2022 18:34,2494,2437,2272,1904,2109,2019,2034,19.5,411.255,1697.745
31.03.2022 18:35,2452,2347,2236,1780,2058,2030,1953,19.8,407.484,1650.516
31.03.2022 18:36,2597,2571,2418,1976,2232,2099,2135,20.1,448.632,1783.368
31.03.2022 18:37,2527,2447,2342,1944,2137,2069,2097,16.4,350.468,1786.532
31.03.2022 18:38,2754,2635,2500,2083,2317,2245,2199,19.5,451.815,1865.185
31.03.2022 18:39,2638,2639,2507,2088,2308,2280,2277,15.6,360.048,1947.952
31.03.2022 18:40,2796,2767,2632,2121,2429,2325,2291,20.4,495.516,1933.484
31.03.2022 18:41,2827,2747,2598,2198,2416,2345,2373,15.5,374.48,2041.52
31.03.2022 18:42,2850,2799,2646,2120,2435,2305,2357,18.4,448.04,1986.96
31.03.2022 18:43,2813,2763,2625,2202,2416,2358,2327,18.4,444.544,1971.456
31.03.2022 18:44,2789,2731,2606,2118,2380,2288,2291,18.9,449.8199999999999,1930.18
31.03.2022 18:45,2768,2674,2492,2107,2335,2251,2245,18.8,438.98,1896.02
31.03.2022 18:46,2593,2596,2472,2026,2261,2193,2194,18.0,406.98,1854.02
31.03.2022 18:47,2562,2502,2391,1997,2253,2164,2188,14.1,317.6729999999999,1935.327
31.03.2022 18:48,2652,2586,2426,1992,2210,2148,2138,20.6,455.26,1754.74
31.03.2022 18:49,2614,2582,2440,2006,2262,2126,2137,20.4,461.448,1800.552
31.03.2022 18:50,2631,2572,2474,2053,2249,2201,2176,17.9,402.571,1846.429
31.03.2022 18:51,2636,2563,2401,1976,2216,2169,2197,16.4,363.424,1852.576
31.03.2022 18:52,2745,2659,2545,2085,2372,2202,2186,21.3,505.236,1866.764
31.03.2022 18:53,2649,2585,2430,2015,2246,2222,2239,15.2,341.392,1904.608
31.03.2022 18:54,2606,2577,2435,2017,2237,2159,2154,19.3,431.741,1805.259
31.03.2022 18:55,2599,2549,2418,2003,2226,2131,2088,21.7,483.042,1742.958
31.03.2022 18:56,2636,2542,2421,1977,2220,2112,2143,18.3,406.26,1813.74
31.03.2022 18:57,2547,2501,2352,1925,2181,2108,2111,18.1,394.761,1786.239
31.03.2022 18:58,2427,2399,2260,1861,2091,2030,2019,18.5,386.835,1704.165
31.03.2022 18:59,2433,2349,2267,1880,2076,1969,2015,16.3,338.388,1737.612
31.03.2022 19:00,2401,2349,2267,1844,2037,1966,1923,21.7,442.029,1594.971
31.03.2022 19:01,2367,2336,2127,1770,2030,1940,1941,20.0,406.0,1624.0
31.03.2022 19:02,2340,2273,2142,1787,1982,1899,1919,18.1,358.742,1623.258
31.03.2022 19:03,2351,2285,2167,1755,2011,1930,1944,17.3,347.903,1663.097
31.03.2022 19:04,2333,2319,2211,1846,1971,1918,1884,22.7,447.417,1523.583
31.03.2022 19:05,2261,2245,2122,1734,1990,1880,1917,16.8,334.32,1655.68
31.03.2022 19:06,2446,2373,2234,1820,2043,1983,1960,20.7,422.901,1620.099
31.03.2022 19:07,2439,2397,2283,1922,2108,2051,1991,20.0,421.6,1686.4
31.03.2022 19:08,2472,2375,2282,1864,2112,2037,2089,13.4,283.008,1828.992
31.03.2022 19:09,2519,2488,2287,1918,2173,2057,2085,19.0,412.87,1760.13
31.03.2022 19:10,2493,2482,2382,1925,2157,2066,2052,20.6,444.342,1712.658
31.03.2022 19:11,2633,2520,2397,1950,2190,2104,2084,20.6,451.14,1738.86
31.03.2022 19:12,2584,2520,2382,1991,2198,2133,2119,18.6,408.828,1789.172
31.03.2022 19:13,2571,2471,2426,1938,2194,2093,2077,18.6,408.0840000000001,1785.916
31.03.2022 19:14,2472,2477,2271,1909,2116,2041,2073,19.1,404.156,1711.844
31.03.2022 19:15,2290,2175,2079,1693,1906,1819,1862,16.5,314.49,1591.51
31.03.2022 19:16,2241,2201,2087,1711,1938,1899,1831,19.8,383.724,1554.276
31.03.2022 19:17,2326,2294,2151,1778,1965,1895,1872,22.2,436.23,1528.77
31.03.2022 19:18,2134,2047,2005,1640,1862,1760,1825,12.0,223.44,1638.56
31.03.2022 19:19,2012,2100,1914,1619,1790,1748,1689,23.9,427.81,1362.19
31.03.2022 19:20,1986,1987,1951,1571,1739,1613,1663,19.2,333.888,1405.112
31.03.2022 19:21,1890,1925,1755,1470,1669,1645,1623,18.2,303.758,1365.242
31.03.2022 19:22,1913,1899,1851,1505,1664,1620,1589,19.2,319.488,1344.512
31.03.2022 19:23,1933,1942,1822,1501,1706,1624,1637,18.3,312.198,1393.802
31.03.2022 19:24,1936,1937,1854,1537,1676,1605,1612,19.8,331.848,1344.152
31.03.2022 19:25,1832,1825,1804,1460,1629,1591,1598,13.9,226.431,1402.569
31.03.2022 19:26,1792,1816,1692,1406,1577,1526,1506,20.2,318.554,1258.446
31.03.2022 19:27,1796,1841,1721,1415,1579,1461,1485,23.6,372.644,1206.356
31.03.2022 19:28,1834,1837,1735,1426,1619,1569,1519,20.6,333.514,1285.486
31.03.2022 19:29,1843,1877,1757,1441,1572,1543,1510,23.9,375.708,1196.292
31.03.2022 19:30,1824,1768,1742,1395,1604,1462,1503,17.4,279.096,1324.904
31.03.2022 19:31,1760,1753,1677,1428,1608,1550,1566,11.7,188.136,1419.864
31.03.2022 19:32,1965,1920,1776,1471,1622,1551,1533,24.8,402.256,1219.744
31.03.2022 19:33,1851,1899,1828,1469,1624,1591,1574,20.3,329.672,1294.328
31.03.2022 19:34,1810,1828,1697,1426,1642,1512,1501,21.4,351.388,1290.612
31.03.2022 19:35,1979,1932,1863,1539,1704,1660,1622,18.7,318.648,1385.352
31.03.2022 19:36,1922,1905,1832,1490,1694,1615,1637,16.1,272.734,1421.266
31.03.2022 19:37,2107,2047,1937,1587,1755,1679,1693,20.5,359.775,1395.225
31.03.2022 19:38,2255,2283,2123,1804,2051,1977,1972,15.5,317.905,1733.095
31.03.2022 19:39,2524,2455,2383,1967,2088,2092,2061,18.8,392.544,1695.456
31.03.2022 19:40,2465,2513,2354,1884,2218,2088,2101,19.3,428.074,1789.926
31.03.2022 19:41,2474,2426,2293,1946,2163,2069,2072,16.8,363.384,1799.616
31.03.2022 19:42,2540,2533,2432,1968,2183,2138,2125,18.8,410.404,1772.596
31.03.2022 19:43,2508,2434,2323,1932,2186,2071,2093,16.0,349.76,1836.24
31.03.2022 19:44,0,0,0,0,0,0,0,0.0,0.0,0.0
31.03.2022 19:45,0,0,0,0,0,0,0,0.0,0.0,0.0
31.03.2022 19:46,0,0,0,0,0,0,0,0.0,0.0,0.0
31.03.2022 19:47,0,0,0,0,0,0,0,0.0,0.0,0.0
31.03.2022 19:48,2570,2396,2228,1925,2144,2071,2162,10.7,229.408,1914.592
31.03.2022 19:49,2545,2407,2241,1906,2139,2083,2140,12.3,263.097,1875.903
31.03.2022 19:50,2490,2362,2233,1880,2110,2027,2101,12.2,257.42,1852.58
31.03.2022 19:51,2503,2374,2223,1897,2091,2090,2100,12.8,267.648,1823.352
31.03.2022 19:52,2538,2402,2256,1908,2158,2097,2099,14.2,306.436,1851.564
31.03.2022 19:53,2556,2457,2276,1917,2142,2125,2134,14.9,319.158,1822.842
31.03.2022 19:54,2548,2431,2278,1921,2159,2092,2129,13.9,300.101,1858.899
31.03.2022 19:55,2577,2451,2305,1956,2186,2166,2152,13.7,299.482,1886.518
31.03.2022 19:56,2534,2437,2275,1913,2123,2093,2124,14.5,307.835,1815.165
31.03.2022 19:57,2598,2482,2322,1962,2226,2119,2156,14.8,329.448,1896.552
31.03.2022 19:58,2646,2562,2369,2015,2250,2227,2220,15.1,339.75,1910.25
31.03.2022 19:59,2602,2497,2349,1979,2199,2156,2182,14.2,312.258,1886.742
31.03.2022 20:00,2519,2446,2288,1930,2175,2128,2153,13.4,291.45,1883.55
31.03.2022 20:01,2522,2408,2266,1931,2143,2094,2114,13.7,293.591,1849.409
31.03.2022 20:02,2554,2467,2315,1950,2180,2151,2163,13.8,300.84,1879.16
31.03.2022 20:03,2496,2415,2266,1897,2143,2084,2116,13.9,297.877,1845.123
31.03.2022 20:04,2468,2364,2228,1908,2118,2090,2050,15.0,317.7,1800.3
31.03.2022 20:05,2409,2345,2187,1849,2063,2020,2059,13.7,282.631,1780.369
31.03.2022 20:06,2401,2326,2179,1826,2069,1998,2000,16.0,331.04,1737.96
31.03.2022 20:07,2409,2309,2178,1861,2064,2030,2065,11.6,239.42399999999998,1824.576
31.03.2022 20:08,2378,2303,2173,1818,2042,1965,1979,16.1,328.762,1713.238
31.03.2022 20:09,2340,2286,2136,1820,2025,2013,2016,13.2,267.3,1757.7
31.03.2022 20:10,2323,2225,2105,1774,1982,1933,1955,13.6,269.552,1712.448
31.03.2022 20:11,2268,2197,2070,1755,1961,1930,1926,13.8,270.618,1690.382
31.03.2022 20:12,2269,2199,2066,1737,1948,1910,1889,16.1,313.628,1634.372
31.03.2022 20:13,2284,2221,2085,1756,1973,1908,1938,14.4,284.112,1688.888
31.03.2022 20:14,2273,2205,2082,1770,1960,1909,1894,16.1,315.56,1644.44
31.03.2022 20:15,2239,2191,2059,1732,1931,1883,1895,15.3,295.443,1635.557
31.03.2022 20:16,2250,2195,2059,1729,1952,1915,1894,15.6,304.512,1647.488
31.03.2022 20:17,2148,2113,1992,1699,1878,1807,1801,17.1,321.13800000000003,1556.862
31.03.2022 20:18,2232,2194,2071,1711,1939,1888,1924,13.8,267.58200000000005,1671.418
31.03.2022 20:19,2204,2144,2007,1718,1932,1856,1863,14.8,285.93600000000004,1646.0639999999999
31.03.2022 20:20,2154,2120,1993,1673,1875,1829,1815,16.5,309.375,1565.625
31.03.2022 20:21,2149,2106,1986,1681,1882,1834,1834,14.6,274.772,1607.228
31.03.2022 20:22,2170,2129,1999,1682,1881,1818,1849,14.9,280.269,1600.731
31.03.2022 20:23,2184,2123,1991,1689,1891,1842,1832,15.7,296.887,1594.113
31.03.2022 20:24,2195,2141,2026,1712,1903,1850,1842,15.9,302.577,1600.423
31.03.2022 20:25,2131,2080,1955,1659,1866,1813,1818,14.2,264.972,1601.028
31.03.2022 20:26,2077,2055,1921,1629,1809,1781,1796,14.1,255.069,1553.9310000000003
31.03.2022 20:27,2099,2038,1942,1617,1818,1773,1739,16.9,307.24199999999996,1510.758
31.03.2022 20:28,2086,2053,1930,1648,1830,1778,1792,14.3,261.69000000000005,1568.31
31.03.2022 20:29,2040,2005,1883,1598,1793,1716,1743,14.8,265.36400000000003,1527.636
31.03.2022 20:30,2044,1989,1856,1595,1776,1759,1733,14.5,257.52,1518.48
31.03.2022 20:31,2473,2448,2361,2022,2274,2317,2332,4.9,111.426,2162.574
31.03.2022 20:32,2039,1971,1856,1573,1767,1715,1722,14.2,250.914,1516.086
31.03.2022 20:33,2077,2054,1929,1625,1804,1749,1771,15.7,283.228,1520.772
31.03.2022 20:34,2075,2003,1880,1595,1803,1784,1756,13.9,250.61700000000002,1552.383
31.03.2022 20:35,2059,2015,1916,1618,1796,1753,1767,13.8,247.848,1548.152
31.03.2022 20:36,2131,2042,1907,1620,1806,1759,1782,14.4,260.064,1545.936
31.03.2022 20:37,2081,2026,1903,1628,1809,1761,1771,14.1,255.069,1553.9310000000003
31.03.2022 20:38,2074,1987,1901,1597,1807,1769,1781,11.4,205.99800000000002,1601.0019999999997
31.03.2022 20:39,2115,2030,1905,1620,1806,1748,1755,15.4,278.124,1527.876
31.03.2022 20:40,2114,2044,1902,1595,1793,1765,1774,14.9,267.157,1525.843
31.03.2022 20:41,2122,2040,1943,1627,1820,1785,1804,12.9,234.78,1585.22
31.03.2022 20:42,2090,2011,1880,1601,1784,1731,1718,16.8,299.71200000000005,1484.2880000000002
31.03.2022 20:43,2048,1979,1863,1571,1736,1724,1696,16.4,284.70399999999995,1451.296
31.03.2022 20:44,2065,1996,1869,1584,1770,1703,1748,13.9,246.03000000000003,1523.97
31.03.2022 20:45,2098,2018,1893,1599,1820,1752,1741,15.6,283.92,1536.0800000000002
31.03.2022 20:46,2071,1981,1867,1558,1728,1684,1704,16.0,276.48,1451.52
31.03.2022 20:47,2070,1985,1839,1559,1774,1733,1723,14.9,264.32599999999996,1509.674
31.03.2022 20:48,2082,1962,1873,1575,1740,1730,1715,14.1,245.33999999999997,1494.66
31.03.2022 20:49,2122,2026,1885,1594,1801,1710,1769,14.3,257.543,1543.4569999999999
31.03.2022 20:50,2111,2023,1908,1612,1768,1743,1739,16.1,284.648,1483.352
31.03.2022 20:51,2159,2056,1932,1619,1813,1778,1773,15.7,284.641,1528.359
31.03.2022 20:52,2135,2028,1911,1627,1830,1751,1776,14.0,256.20000000000005,1573.8
31.03.2022 20:53,2180,2094,1941,1637,1809,1796,1787,16.9,305.72099999999995,1503.279
31.03.2022 20:54,2192,2089,1978,1644,1860,1813,1821,14.5,269.7,1590.3
31.03.2022 20:55,2198,2083,1958,1661,1870,1796,1820,14.2,265.53999999999996,1604.46
31.03.2022 20:56,2185,2087,1954,1650,1821,1790,1768,17.7,322.317,1498.683
31.03.2022 20:57,2220,2112,1973,1662,1886,1815,1849,14.0,264.04,1621.96
31.03.2022 20:58,2240,2125,1999,1705,1877,1829,1844,15.0,281.55,1595.45
31.03.2022 20:59,2290,2204,2060,1717,1940,1925,1922,14.4,279.36,1660.6399999999999
31.03.2022 21:00,2294,2186,2042,1741,1950,1880,1912,14.1,274.95,1675.0500000000002
31.03.2022 21:01,2265,2146,2035,1697,1904,1842,1851,15.7,298.928,1605.072
31.03.2022 21:02,2307,2190,2054,1729,1943,1916,1894,15.4,299.222,1643.778
31.03.2022 21:03,2314,2216,2070,1756,1939,1928,1940,14.0,271.46000000000004,1667.54
31.03.2022 21:04,2313,2185,2065,1732,1946,1866,1878,16.0,311.36,1634.6399999999999
31.03.2022 21:05,2304,2195,2057,1720,1939,1875,1891,15.8,306.362,1632.6380000000001
